空间,35303
客厅,8934
卧室,7756
墙面,6675
餐厅,6466
公寓,5832
住宅,5789
沙发,5228
家具,5185
地毯,4254
厨房,4118
书房,3088
背景墙,3044
吊灯,3041
墙,2763
卫生间,2585
儿童,2577
床品,2492
装饰,2482
壁纸,2371
地板,2290
窗帘,2226
吊顶,2204
餐椅,2057
别墅,2032
地面,1922
布艺,1864
餐桌,1849
画,1823
大理石,1791
金属,1707
背景,1586
玻璃,1561
茶几,1455
床头,1452
阳台,1427
乡村,1352
风情,1331
橱柜,1322
条纹,1317
活力,1299
小户型,1277
衣柜,1258
玄关,1211
走廊,1205
地砖,1192
花卉,1182
台灯,1152
阁楼,1080
书桌,1045
书柜,1032
砖石,987
图案,974
印花,972
边柜,924
吧台,909
电视,901
书架,895
光线,889
画作,875
床头柜,849
阳光,848
婚房,832
椅,770
黄铜,723
地下室,714
漆,707
靠垫,703
绿植,679
镜面,675
拱形,667
软装,659
楼梯,657
飘窗,631
壁灯,625
床,621
主卧,619
衣帽间,617
榻榻米,608
卫浴,597
墙体,595
瓷砖,592
砖,586
门厅,582
灯带,576
灯光,569
软包,548
台面,547
盥洗台,525
酒柜,524
卫浴间,513
摆件,503
餐桌椅,500
屏风,484
电视柜,460
角落,452
墙板,447
布局,446
扶手椅,442
木地板,441
灯饰,435
浴室,419
贵气,419
座椅,418
风景,416
纹理,411
护墙板,404
灯,403
收纳柜,396
石材,396
浴缸,380
储物柜,373
板材,373
小屋,372
电视墙,367
水晶灯,366
照片,366
主题,363
壁炉,354
石膏,350
双人床,345
基调,341
门,341
窗户,331
墙砖,323
落地窗,312
花瓶,312
饰品,311
都市,307
水晶,305
灯具,296
艺术品,283
盥洗柜,282
椅子,280
单椅,278
壁画,278
纱幔,277
凳,277
圈椅,275
餐厨,267
次卧,265
格子,263
砖墙,263
花窗,257
镜子,254
单人椅,254
落地灯,250
水泥,248
木板,245
动物,243
花鸟,243
床尾凳,233
镂空,233
置物架,227
木材,225
米黄色,222
书,218
墙壁,216
桌,215
陶瓷,213
大自然,212
油画,212
圆桌,210
配色,208
墙纸,207
桌椅,207
花器,205
家电,202
柜体,202
框,201
棕木,200
玻璃窗,199
烛台,199
鞋柜,198
配饰,197
天花板,195
花束,194
盆栽,193
红木,192
茶室,190
垭口,190
置物柜,190
门框,189
花瓶,187
石膏线,185
玻璃门,183
博古架,183
吊柜,181
格栅,180
书籍,179
样式,178
卡座,177
靠背,174
光源,174
植物,172
胡桃木,171
纹样,170
光,164
花朵,162
浮雕,158
异域,156
镜饰,153
纹饰,146
绿意,145
色泽,145
门洞,140
柜子,139
影音室,139
木椅,137
过道,136
木柜,136
木雕,136
雕塑,135
水墨画,134
收纳架,133
钢琴,133
铆钉,133
淋浴房,132
方砖,132
柜面,132
古董,132
金箔,130
木框,127
罗马帘,127
马桶,126
格纹,126
花园,126
隔板,125
餐具,123
窗棂,123
边框,122
花砖,122
淋浴间,122
休息区,121
花架,119
老房子,116
扶手,115
厨卫,114
摆饰,113
木条,113
浴室镜,113
硬装,111
窗,110
梳妆台,107
装饰品,106
工作室,106
抽屉,105
百叶窗,104